system:index,value,.geo
0,2005_01_01_NDVI,"{""type"":""MultiPoint"",""coordinates"":[]}"
1,2005_01_09_NDVI,"{""type"":""MultiPoint"",""coordinates"":[]}"
2,2005_01_17_NDVI,"{""type"":""MultiPoint"",""coordinates"":[]}"
3,2005_01_25_NDVI,"{""type"":""MultiPoint"",""coordinates"":[]}"
4,2005_02_02_NDVI,"{""type"":""MultiPoint"",""coordinates"":[]}"
5,2005_02_10_NDVI,"{""type"":""MultiPoint"",""coordinates"":[]}"
6,2005_02_18_NDVI,"{""type"":""MultiPoint"",""coordinates"":[]}"
7,2005_02_26_NDVI,"{""type"":""MultiPoint"",""coordinates"":[]}"
8,2005_03_06_NDVI,"{""type"":""MultiPoint"",""coordinates"":[]}"
9,2005_03_14_NDVI,"{""type"":""MultiPoint"",""coordinates"":[]}"
10,2005_03_22_NDVI,"{""type"":""MultiPoint"",""coordinates"":[]}"
11,2005_03_30_NDVI,"{""type"":""MultiPoint"",""coordinates"":[]}"
12,2005_04_07_NDVI,"{""type"":""MultiPoint"",""coordinates"":[]}"
13,2005_04_15_NDVI,"{""type"":""MultiPoint"",""coordinates"":[]}"
14,2005_04_23_NDVI,"{""type"":""MultiPoint"",""coordinates"":[]}"
15,2005_05_01_NDVI,"{""type"":""MultiPoint"",""coordinates"":[]}"
16,2005_05_09_NDVI,"{""type"":""MultiPoint"",""coordinates"":[]}"
17,2005_05_17_NDVI,"{""type"":""MultiPoint"",""coordinates"":[]}"
18,2005_05_25_NDVI,"{""type"":""MultiPoint"",""coordinates"":[]}"
19,2005_06_02_NDVI,"{""type"":""MultiPoint"",""coordinates"":[]}"
20,2005_06_10_NDVI,"{""type"":""MultiPoint"",""coordinates"":[]}"
21,2005_06_18_NDVI,"{""type"":""MultiPoint"",""coordinates"":[]}"
22,2005_06_26_NDVI,"{""type"":""MultiPoint"",""coordinates"":[]}"
23,2005_07_04_NDVI,"{""type"":""MultiPoint"",""coordinates"":[]}"
24,2005_07_12_NDVI,"{""type"":""MultiPoint"",""coordinates"":[]}"
25,2005_07_20_NDVI,"{""type"":""MultiPoint"",""coordinates"":[]}"
26,2005_07_28_NDVI,"{""type"":""MultiPoint"",""coordinates"":[]}"
27,2005_08_05_NDVI,"{""type"":""MultiPoint"",""coordinates"":[]}"
28,2005_08_13_NDVI,"{""type"":""MultiPoint"",""coordinates"":[]}"
29,2005_08_21_NDVI,"{""type"":""MultiPoint"",""coordinates"":[]}"
30,2005_08_29_NDVI,"{""type"":""MultiPoint"",""coordinates"":[]}"
31,2005_09_06_NDVI,"{""type"":""MultiPoint"",""coordinates"":[]}"
32,2005_09_14_NDVI,"{""type"":""MultiPoint"",""coordinates"":[]}"
33,2005_09_22_NDVI,"{""type"":""MultiPoint"",""coordinates"":[]}"
34,2005_09_30_NDVI,"{""type"":""MultiPoint"",""coordinates"":[]}"
35,2005_10_08_NDVI,"{""type"":""MultiPoint"",""coordinates"":[]}"
36,2005_10_16_NDVI,"{""type"":""MultiPoint"",""coordinates"":[]}"
37,2005_10_24_NDVI,"{""type"":""MultiPoint"",""coordinates"":[]}"
38,2005_11_01_NDVI,"{""type"":""MultiPoint"",""coordinates"":[]}"
39,2005_11_09_NDVI,"{""type"":""MultiPoint"",""coordinates"":[]}"
40,2005_11_17_NDVI,"{""type"":""MultiPoint"",""coordinates"":[]}"
41,2005_11_25_NDVI,"{""type"":""MultiPoint"",""coordinates"":[]}"
42,2005_12_03_NDVI,"{""type"":""MultiPoint"",""coordinates"":[]}"
43,2005_12_11_NDVI,"{""type"":""MultiPoint"",""coordinates"":[]}"
44,2005_12_19_NDVI,"{""type"":""MultiPoint"",""coordinates"":[]}"
45,2005_12_27_NDVI,"{""type"":""MultiPoint"",""coordinates"":[]}"
46,2006_01_01_NDVI,"{""type"":""MultiPoint"",""coordinates"":[]}"
47,2006_01_09_NDVI,"{""type"":""MultiPoint"",""coordinates"":[]}"
48,2006_01_17_NDVI,"{""type"":""MultiPoint"",""coordinates"":[]}"
49,2006_01_25_NDVI,"{""type"":""MultiPoint"",""coordinates"":[]}"
50,2006_02_02_NDVI,"{""type"":""MultiPoint"",""coordinates"":[]}"
51,2006_02_10_NDVI,"{""type"":""MultiPoint"",""coordinates"":[]}"
52,2006_02_18_NDVI,"{""type"":""MultiPoint"",""coordinates"":[]}"
53,2006_02_26_NDVI,"{""type"":""MultiPoint"",""coordinates"":[]}"
54,2006_03_06_NDVI,"{""type"":""MultiPoint"",""coordinates"":[]}"
55,2006_03_14_NDVI,"{""type"":""MultiPoint"",""coordinates"":[]}"
56,2006_03_22_NDVI,"{""type"":""MultiPoint"",""coordinates"":[]}"
57,2006_03_30_NDVI,"{""type"":""MultiPoint"",""coordinates"":[]}"
58,2006_04_07_NDVI,"{""type"":""MultiPoint"",""coordinates"":[]}"
59,2006_04_15_NDVI,"{""type"":""MultiPoint"",""coordinates"":[]}"
60,2006_04_23_NDVI,"{""type"":""MultiPoint"",""coordinates"":[]}"
61,2006_05_01_NDVI,"{""type"":""MultiPoint"",""coordinates"":[]}"
62,2006_05_09_NDVI,"{""type"":""MultiPoint"",""coordinates"":[]}"
63,2006_05_17_NDVI,"{""type"":""MultiPoint"",""coordinates"":[]}"
64,2006_05_25_NDVI,"{""type"":""MultiPoint"",""coordinates"":[]}"
65,2006_06_02_NDVI,"{""type"":""MultiPoint"",""coordinates"":[]}"
66,2006_06_10_NDVI,"{""type"":""MultiPoint"",""coordinates"":[]}"
67,2006_06_18_NDVI,"{""type"":""MultiPoint"",""coordinates"":[]}"
68,2006_06_26_NDVI,"{""type"":""MultiPoint"",""coordinates"":[]}"
69,2006_07_04_NDVI,"{""type"":""MultiPoint"",""coordinates"":[]}"
70,2006_07_12_NDVI,"{""type"":""MultiPoint"",""coordinates"":[]}"
71,2006_07_20_NDVI,"{""type"":""MultiPoint"",""coordinates"":[]}"
72,2006_07_28_NDVI,"{""type"":""MultiPoint"",""coordinates"":[]}"
73,2006_08_05_NDVI,"{""type"":""MultiPoint"",""coordinates"":[]}"
74,2006_08_13_NDVI,"{""type"":""MultiPoint"",""coordinates"":[]}"
75,2006_08_21_NDVI,"{""type"":""MultiPoint"",""coordinates"":[]}"
76,2006_08_29_NDVI,"{""type"":""MultiPoint"",""coordinates"":[]}"
77,2006_09_06_NDVI,"{""type"":""MultiPoint"",""coordinates"":[]}"
78,2006_09_14_NDVI,"{""type"":""MultiPoint"",""coordinates"":[]}"
79,2006_09_22_NDVI,"{""type"":""MultiPoint"",""coordinates"":[]}"
80,2006_09_30_NDVI,"{""type"":""MultiPoint"",""coordinates"":[]}"
81,2006_10_08_NDVI,"{""type"":""MultiPoint"",""coordinates"":[]}"
82,2006_10_16_NDVI,"{""type"":""MultiPoint"",""coordinates"":[]}"
83,2006_10_24_NDVI,"{""type"":""MultiPoint"",""coordinates"":[]}"
84,2006_11_01_NDVI,"{""type"":""MultiPoint"",""coordinates"":[]}"
85,2006_11_09_NDVI,"{""type"":""MultiPoint"",""coordinates"":[]}"
86,2006_11_17_NDVI,"{""type"":""MultiPoint"",""coordinates"":[]}"
87,2006_11_25_NDVI,"{""type"":""MultiPoint"",""coordinates"":[]}"
88,2006_12_03_NDVI,"{""type"":""MultiPoint"",""coordinates"":[]}"
89,2006_12_11_NDVI,"{""type"":""MultiPoint"",""coordinates"":[]}"
90,2006_12_19_NDVI,"{""type"":""MultiPoint"",""coordinates"":[]}"
91,2006_12_27_NDVI,"{""type"":""MultiPoint"",""coordinates"":[]}"
92,2007_01_01_NDVI,"{""type"":""MultiPoint"",""coordinates"":[]}"
93,2007_01_09_NDVI,"{""type"":""MultiPoint"",""coordinates"":[]}"
94,2007_01_17_NDVI,"{""type"":""MultiPoint"",""coordinates"":[]}"
95,2007_01_25_NDVI,"{""type"":""MultiPoint"",""coordinates"":[]}"
96,2007_02_02_NDVI,"{""type"":""MultiPoint"",""coordinates"":[]}"
97,2007_02_10_NDVI,"{""type"":""MultiPoint"",""coordinates"":[]}"
98,2007_02_18_NDVI,"{""type"":""MultiPoint"",""coordinates"":[]}"
99,2007_02_26_NDVI,"{""type"":""MultiPoint"",""coordinates"":[]}"
100,2007_03_06_NDVI,"{""type"":""MultiPoint"",""coordinates"":[]}"
101,2007_03_14_NDVI,"{""type"":""MultiPoint"",""coordinates"":[]}"
102,2007_03_22_NDVI,"{""type"":""MultiPoint"",""coordinates"":[]}"
103,2007_03_30_NDVI,"{""type"":""MultiPoint"",""coordinates"":[]}"
104,2007_04_07_NDVI,"{""type"":""MultiPoint"",""coordinates"":[]}"
105,2007_04_15_NDVI,"{""type"":""MultiPoint"",""coordinates"":[]}"
106,2007_04_23_NDVI,"{""type"":""MultiPoint"",""coordinates"":[]}"
107,2007_05_01_NDVI,"{""type"":""MultiPoint"",""coordinates"":[]}"
108,2007_05_09_NDVI,"{""type"":""MultiPoint"",""coordinates"":[]}"
109,2007_05_17_NDVI,"{""type"":""MultiPoint"",""coordinates"":[]}"
110,2007_05_25_NDVI,"{""type"":""MultiPoint"",""coordinates"":[]}"
111,2007_06_02_NDVI,"{""type"":""MultiPoint"",""coordinates"":[]}"
112,2007_06_10_NDVI,"{""type"":""MultiPoint"",""coordinates"":[]}"
113,2007_06_18_NDVI,"{""type"":""MultiPoint"",""coordinates"":[]}"
114,2007_06_26_NDVI,"{""type"":""MultiPoint"",""coordinates"":[]}"
115,2007_07_04_NDVI,"{""type"":""MultiPoint"",""coordinates"":[]}"
116,2007_07_12_NDVI,"{""type"":""MultiPoint"",""coordinates"":[]}"
117,2007_07_20_NDVI,"{""type"":""MultiPoint"",""coordinates"":[]}"
118,2007_07_28_NDVI,"{""type"":""MultiPoint"",""coordinates"":[]}"
119,2007_08_05_NDVI,"{""type"":""MultiPoint"",""coordinates"":[]}"
120,2007_08_13_NDVI,"{""type"":""MultiPoint"",""coordinates"":[]}"
121,2007_08_21_NDVI,"{""type"":""MultiPoint"",""coordinates"":[]}"
122,2007_08_29_NDVI,"{""type"":""MultiPoint"",""coordinates"":[]}"
123,2007_09_06_NDVI,"{""type"":""MultiPoint"",""coordinates"":[]}"
124,2007_09_14_NDVI,"{""type"":""MultiPoint"",""coordinates"":[]}"
125,2007_09_22_NDVI,"{""type"":""MultiPoint"",""coordinates"":[]}"
126,2007_09_30_NDVI,"{""type"":""MultiPoint"",""coordinates"":[]}"
127,2007_10_08_NDVI,"{""type"":""MultiPoint"",""coordinates"":[]}"
128,2007_10_16_NDVI,"{""type"":""MultiPoint"",""coordinates"":[]}"
129,2007_10_24_NDVI,"{""type"":""MultiPoint"",""coordinates"":[]}"
130,2007_11_01_NDVI,"{""type"":""MultiPoint"",""coordinates"":[]}"
131,2007_11_09_NDVI,"{""type"":""MultiPoint"",""coordinates"":[]}"
132,2007_11_17_NDVI,"{""type"":""MultiPoint"",""coordinates"":[]}"
133,2007_11_25_NDVI,"{""type"":""MultiPoint"",""coordinates"":[]}"
134,2007_12_03_NDVI,"{""type"":""MultiPoint"",""coordinates"":[]}"
135,2007_12_11_NDVI,"{""type"":""MultiPoint"",""coordinates"":[]}"
136,2007_12_19_NDVI,"{""type"":""MultiPoint"",""coordinates"":[]}"
137,2007_12_27_NDVI,"{""type"":""MultiPoint"",""coordinates"":[]}"
138,2008_01_01_NDVI,"{""type"":""MultiPoint"",""coordinates"":[]}"
139,2008_01_09_NDVI,"{""type"":""MultiPoint"",""coordinates"":[]}"
140,2008_01_17_NDVI,"{""type"":""MultiPoint"",""coordinates"":[]}"
141,2008_01_25_NDVI,"{""type"":""MultiPoint"",""coordinates"":[]}"
142,2008_02_02_NDVI,"{""type"":""MultiPoint"",""coordinates"":[]}"
143,2008_02_10_NDVI,"{""type"":""MultiPoint"",""coordinates"":[]}"
144,2008_02_18_NDVI,"{""type"":""MultiPoint"",""coordinates"":[]}"
145,2008_02_26_NDVI,"{""type"":""MultiPoint"",""coordinates"":[]}"
146,2008_03_05_NDVI,"{""type"":""MultiPoint"",""coordinates"":[]}"
147,2008_03_13_NDVI,"{""type"":""MultiPoint"",""coordinates"":[]}"
148,2008_03_21_NDVI,"{""type"":""MultiPoint"",""coordinates"":[]}"
149,2008_03_29_NDVI,"{""type"":""MultiPoint"",""coordinates"":[]}"
150,2008_04_06_NDVI,"{""type"":""MultiPoint"",""coordinates"":[]}"
151,2008_04_14_NDVI,"{""type"":""MultiPoint"",""coordinates"":[]}"
152,2008_04_22_NDVI,"{""type"":""MultiPoint"",""coordinates"":[]}"
153,2008_04_30_NDVI,"{""type"":""MultiPoint"",""coordinates"":[]}"
154,2008_05_08_NDVI,"{""type"":""MultiPoint"",""coordinates"":[]}"
155,2008_05_16_NDVI,"{""type"":""MultiPoint"",""coordinates"":[]}"
156,2008_05_24_NDVI,"{""type"":""MultiPoint"",""coordinates"":[]}"
157,2008_06_01_NDVI,"{""type"":""MultiPoint"",""coordinates"":[]}"
158,2008_06_09_NDVI,"{""type"":""MultiPoint"",""coordinates"":[]}"
159,2008_06_17_NDVI,"{""type"":""MultiPoint"",""coordinates"":[]}"
160,2008_06_25_NDVI,"{""type"":""MultiPoint"",""coordinates"":[]}"
161,2008_07_03_NDVI,"{""type"":""MultiPoint"",""coordinates"":[]}"
162,2008_07_11_NDVI,"{""type"":""MultiPoint"",""coordinates"":[]}"
163,2008_07_19_NDVI,"{""type"":""MultiPoint"",""coordinates"":[]}"
164,2008_07_27_NDVI,"{""type"":""MultiPoint"",""coordinates"":[]}"
165,2008_08_04_NDVI,"{""type"":""MultiPoint"",""coordinates"":[]}"
166,2008_08_12_NDVI,"{""type"":""MultiPoint"",""coordinates"":[]}"
167,2008_08_20_NDVI,"{""type"":""MultiPoint"",""coordinates"":[]}"
168,2008_08_28_NDVI,"{""type"":""MultiPoint"",""coordinates"":[]}"
169,2008_09_05_NDVI,"{""type"":""MultiPoint"",""coordinates"":[]}"
170,2008_09_13_NDVI,"{""type"":""MultiPoint"",""coordinates"":[]}"
171,2008_09_21_NDVI,"{""type"":""MultiPoint"",""coordinates"":[]}"
172,2008_09_29_NDVI,"{""type"":""MultiPoint"",""coordinates"":[]}"
173,2008_10_07_NDVI,"{""type"":""MultiPoint"",""coordinates"":[]}"
174,2008_10_15_NDVI,"{""type"":""MultiPoint"",""coordinates"":[]}"
175,2008_10_23_NDVI,"{""type"":""MultiPoint"",""coordinates"":[]}"
176,2008_10_31_NDVI,"{""type"":""MultiPoint"",""coordinates"":[]}"
177,2008_11_08_NDVI,"{""type"":""MultiPoint"",""coordinates"":[]}"
178,2008_11_16_NDVI,"{""type"":""MultiPoint"",""coordinates"":[]}"
179,2008_11_24_NDVI,"{""type"":""MultiPoint"",""coordinates"":[]}"
180,2008_12_02_NDVI,"{""type"":""MultiPoint"",""coordinates"":[]}"
181,2008_12_10_NDVI,"{""type"":""MultiPoint"",""coordinates"":[]}"
182,2008_12_18_NDVI,"{""type"":""MultiPoint"",""coordinates"":[]}"
183,2008_12_26_NDVI,"{""type"":""MultiPoint"",""coordinates"":[]}"
184,2009_01_01_NDVI,"{""type"":""MultiPoint"",""coordinates"":[]}"
185,2009_01_09_NDVI,"{""type"":""MultiPoint"",""coordinates"":[]}"
186,2009_01_17_NDVI,"{""type"":""MultiPoint"",""coordinates"":[]}"
187,2009_01_25_NDVI,"{""type"":""MultiPoint"",""coordinates"":[]}"
188,2009_02_02_NDVI,"{""type"":""MultiPoint"",""coordinates"":[]}"
189,2009_02_10_NDVI,"{""type"":""MultiPoint"",""coordinates"":[]}"
190,2009_02_18_NDVI,"{""type"":""MultiPoint"",""coordinates"":[]}"
191,2009_02_26_NDVI,"{""type"":""MultiPoint"",""coordinates"":[]}"
192,2009_03_06_NDVI,"{""type"":""MultiPoint"",""coordinates"":[]}"
193,2009_03_14_NDVI,"{""type"":""MultiPoint"",""coordinates"":[]}"
194,2009_03_22_NDVI,"{""type"":""MultiPoint"",""coordinates"":[]}"
195,2009_03_30_NDVI,"{""type"":""MultiPoint"",""coordinates"":[]}"
196,2009_04_07_NDVI,"{""type"":""MultiPoint"",""coordinates"":[]}"
197,2009_04_15_NDVI,"{""type"":""MultiPoint"",""coordinates"":[]}"
198,2009_04_23_NDVI,"{""type"":""MultiPoint"",""coordinates"":[]}"
199,2009_05_01_NDVI,"{""type"":""MultiPoint"",""coordinates"":[]}"
200,2009_05_09_NDVI,"{""type"":""MultiPoint"",""coordinates"":[]}"
201,2009_05_17_NDVI,"{""type"":""MultiPoint"",""coordinates"":[]}"
202,2009_05_25_NDVI,"{""type"":""MultiPoint"",""coordinates"":[]}"
203,2009_06_02_NDVI,"{""type"":""MultiPoint"",""coordinates"":[]}"
204,2009_06_10_NDVI,"{""type"":""MultiPoint"",""coordinates"":[]}"
205,2009_06_18_NDVI,"{""type"":""MultiPoint"",""coordinates"":[]}"
206,2009_06_26_NDVI,"{""type"":""MultiPoint"",""coordinates"":[]}"
207,2009_07_04_NDVI,"{""type"":""MultiPoint"",""coordinates"":[]}"
208,2009_07_12_NDVI,"{""type"":""MultiPoint"",""coordinates"":[]}"
209,2009_07_20_NDVI,"{""type"":""MultiPoint"",""coordinates"":[]}"
210,2009_07_28_NDVI,"{""type"":""MultiPoint"",""coordinates"":[]}"
211,2009_08_05_NDVI,"{""type"":""MultiPoint"",""coordinates"":[]}"
212,2009_08_13_NDVI,"{""type"":""MultiPoint"",""coordinates"":[]}"
213,2009_08_21_NDVI,"{""type"":""MultiPoint"",""coordinates"":[]}"
214,2009_08_29_NDVI,"{""type"":""MultiPoint"",""coordinates"":[]}"
215,2009_09_06_NDVI,"{""type"":""MultiPoint"",""coordinates"":[]}"
216,2009_09_14_NDVI,"{""type"":""MultiPoint"",""coordinates"":[]}"
217,2009_09_22_NDVI,"{""type"":""MultiPoint"",""coordinates"":[]}"
218,2009_09_30_NDVI,"{""type"":""MultiPoint"",""coordinates"":[]}"
219,2009_10_08_NDVI,"{""type"":""MultiPoint"",""coordinates"":[]}"
220,2009_10_16_NDVI,"{""type"":""MultiPoint"",""coordinates"":[]}"
221,2009_10_24_NDVI,"{""type"":""MultiPoint"",""coordinates"":[]}"
222,2009_11_01_NDVI,"{""type"":""MultiPoint"",""coordinates"":[]}"
223,2009_11_09_NDVI,"{""type"":""MultiPoint"",""coordinates"":[]}"
224,2009_11_17_NDVI,"{""type"":""MultiPoint"",""coordinates"":[]}"
225,2009_11_25_NDVI,"{""type"":""MultiPoint"",""coordinates"":[]}"
226,2009_12_03_NDVI,"{""type"":""MultiPoint"",""coordinates"":[]}"
227,2009_12_11_NDVI,"{""type"":""MultiPoint"",""coordinates"":[]}"
228,2009_12_19_NDVI,"{""type"":""MultiPoint"",""coordinates"":[]}"
229,2009_12_27_NDVI,"{""type"":""MultiPoint"",""coordinates"":[]}"
230,2010_01_01_NDVI,"{""type"":""MultiPoint"",""coordinates"":[]}"
231,2010_01_09_NDVI,"{""type"":""MultiPoint"",""coordinates"":[]}"
232,2010_01_17_NDVI,"{""type"":""MultiPoint"",""coordinates"":[]}"
233,2010_01_25_NDVI,"{""type"":""MultiPoint"",""coordinates"":[]}"
234,2010_02_02_NDVI,"{""type"":""MultiPoint"",""coordinates"":[]}"
235,2010_02_10_NDVI,"{""type"":""MultiPoint"",""coordinates"":[]}"
236,2010_02_18_NDVI,"{""type"":""MultiPoint"",""coordinates"":[]}"
237,2010_02_26_NDVI,"{""type"":""MultiPoint"",""coordinates"":[]}"
238,2010_03_06_NDVI,"{""type"":""MultiPoint"",""coordinates"":[]}"
239,2010_03_14_NDVI,"{""type"":""MultiPoint"",""coordinates"":[]}"
240,2010_03_22_NDVI,"{""type"":""MultiPoint"",""coordinates"":[]}"
241,2010_03_30_NDVI,"{""type"":""MultiPoint"",""coordinates"":[]}"
242,2010_04_07_NDVI,"{""type"":""MultiPoint"",""coordinates"":[]}"
243,2010_04_15_NDVI,"{""type"":""MultiPoint"",""coordinates"":[]}"
244,2010_04_23_NDVI,"{""type"":""MultiPoint"",""coordinates"":[]}"
245,2010_05_01_NDVI,"{""type"":""MultiPoint"",""coordinates"":[]}"
246,2010_05_09_NDVI,"{""type"":""MultiPoint"",""coordinates"":[]}"
247,2010_05_17_NDVI,"{""type"":""MultiPoint"",""coordinates"":[]}"
248,2010_05_25_NDVI,"{""type"":""MultiPoint"",""coordinates"":[]}"
249,2010_06_02_NDVI,"{""type"":""MultiPoint"",""coordinates"":[]}"
250,2010_06_10_NDVI,"{""type"":""MultiPoint"",""coordinates"":[]}"
251,2010_06_18_NDVI,"{""type"":""MultiPoint"",""coordinates"":[]}"
252,2010_06_26_NDVI,"{""type"":""MultiPoint"",""coordinates"":[]}"
253,2010_07_04_NDVI,"{""type"":""MultiPoint"",""coordinates"":[]}"
254,2010_07_12_NDVI,"{""type"":""MultiPoint"",""coordinates"":[]}"
255,2010_07_20_NDVI,"{""type"":""MultiPoint"",""coordinates"":[]}"
256,2010_07_28_NDVI,"{""type"":""MultiPoint"",""coordinates"":[]}"
257,2010_08_05_NDVI,"{""type"":""MultiPoint"",""coordinates"":[]}"
258,2010_08_13_NDVI,"{""type"":""MultiPoint"",""coordinates"":[]}"
259,2010_08_21_NDVI,"{""type"":""MultiPoint"",""coordinates"":[]}"
260,2010_08_29_NDVI,"{""type"":""MultiPoint"",""coordinates"":[]}"
261,2010_09_06_NDVI,"{""type"":""MultiPoint"",""coordinates"":[]}"
262,2010_09_14_NDVI,"{""type"":""MultiPoint"",""coordinates"":[]}"
263,2010_09_22_NDVI,"{""type"":""MultiPoint"",""coordinates"":[]}"
264,2010_09_30_NDVI,"{""type"":""MultiPoint"",""coordinates"":[]}"
265,2010_10_08_NDVI,"{""type"":""MultiPoint"",""coordinates"":[]}"
266,2010_10_16_NDVI,"{""type"":""MultiPoint"",""coordinates"":[]}"
267,2010_10_24_NDVI,"{""type"":""MultiPoint"",""coordinates"":[]}"
268,2010_11_01_NDVI,"{""type"":""MultiPoint"",""coordinates"":[]}"
269,2010_11_09_NDVI,"{""type"":""MultiPoint"",""coordinates"":[]}"
270,2010_11_17_NDVI,"{""type"":""MultiPoint"",""coordinates"":[]}"
271,2010_11_25_NDVI,"{""type"":""MultiPoint"",""coordinates"":[]}"
272,2010_12_03_NDVI,"{""type"":""MultiPoint"",""coordinates"":[]}"
273,2010_12_11_NDVI,"{""type"":""MultiPoint"",""coordinates"":[]}"
274,2010_12_19_NDVI,"{""type"":""MultiPoint"",""coordinates"":[]}"
275,2010_12_27_NDVI,"{""type"":""MultiPoint"",""coordinates"":[]}"
276,2011_01_01_NDVI,"{""type"":""MultiPoint"",""coordinates"":[]}"
277,2011_01_09_NDVI,"{""type"":""MultiPoint"",""coordinates"":[]}"
278,2011_01_17_NDVI,"{""type"":""MultiPoint"",""coordinates"":[]}"
279,2011_01_25_NDVI,"{""type"":""MultiPoint"",""coordinates"":[]}"
280,2011_02_02_NDVI,"{""type"":""MultiPoint"",""coordinates"":[]}"
281,2011_02_10_NDVI,"{""type"":""MultiPoint"",""coordinates"":[]}"
282,2011_02_18_NDVI,"{""type"":""MultiPoint"",""coordinates"":[]}"
283,2011_02_26_NDVI,"{""type"":""MultiPoint"",""coordinates"":[]}"
284,2011_03_06_NDVI,"{""type"":""MultiPoint"",""coordinates"":[]}"
285,2011_03_14_NDVI,"{""type"":""MultiPoint"",""coordinates"":[]}"
286,2011_03_22_NDVI,"{""type"":""MultiPoint"",""coordinates"":[]}"
287,2011_03_30_NDVI,"{""type"":""MultiPoint"",""coordinates"":[]}"
288,2011_04_07_NDVI,"{""type"":""MultiPoint"",""coordinates"":[]}"
289,2011_04_15_NDVI,"{""type"":""MultiPoint"",""coordinates"":[]}"
290,2011_04_23_NDVI,"{""type"":""MultiPoint"",""coordinates"":[]}"
291,2011_05_01_NDVI,"{""type"":""MultiPoint"",""coordinates"":[]}"
292,2011_05_09_NDVI,"{""type"":""MultiPoint"",""coordinates"":[]}"
293,2011_05_17_NDVI,"{""type"":""MultiPoint"",""coordinates"":[]}"
294,2011_05_25_NDVI,"{""type"":""MultiPoint"",""coordinates"":[]}"
295,2011_06_02_NDVI,"{""type"":""MultiPoint"",""coordinates"":[]}"
296,2011_06_10_NDVI,"{""type"":""MultiPoint"",""coordinates"":[]}"
297,2011_06_18_NDVI,"{""type"":""MultiPoint"",""coordinates"":[]}"
298,2011_06_26_NDVI,"{""type"":""MultiPoint"",""coordinates"":[]}"
299,2011_07_04_NDVI,"{""type"":""MultiPoint"",""coordinates"":[]}"
300,2011_07_12_NDVI,"{""type"":""MultiPoint"",""coordinates"":[]}"
301,2011_07_20_NDVI,"{""type"":""MultiPoint"",""coordinates"":[]}"
302,2011_07_28_NDVI,"{""type"":""MultiPoint"",""coordinates"":[]}"
303,2011_08_05_NDVI,"{""type"":""MultiPoint"",""coordinates"":[]}"
304,2011_08_13_NDVI,"{""type"":""MultiPoint"",""coordinates"":[]}"
305,2011_08_21_NDVI,"{""type"":""MultiPoint"",""coordinates"":[]}"
306,2011_08_29_NDVI,"{""type"":""MultiPoint"",""coordinates"":[]}"
307,2011_09_06_NDVI,"{""type"":""MultiPoint"",""coordinates"":[]}"
308,2011_09_14_NDVI,"{""type"":""MultiPoint"",""coordinates"":[]}"
309,2011_09_22_NDVI,"{""type"":""MultiPoint"",""coordinates"":[]}"
310,2011_09_30_NDVI,"{""type"":""MultiPoint"",""coordinates"":[]}"
311,2011_10_08_NDVI,"{""type"":""MultiPoint"",""coordinates"":[]}"
312,2011_10_16_NDVI,"{""type"":""MultiPoint"",""coordinates"":[]}"
313,2011_10_24_NDVI,"{""type"":""MultiPoint"",""coordinates"":[]}"
314,2011_11_01_NDVI,"{""type"":""MultiPoint"",""coordinates"":[]}"
315,2011_11_09_NDVI,"{""type"":""MultiPoint"",""coordinates"":[]}"
316,2011_11_17_NDVI,"{""type"":""MultiPoint"",""coordinates"":[]}"
317,2011_11_25_NDVI,"{""type"":""MultiPoint"",""coordinates"":[]}"
318,2011_12_03_NDVI,"{""type"":""MultiPoint"",""coordinates"":[]}"
319,2011_12_11_NDVI,"{""type"":""MultiPoint"",""coordinates"":[]}"
320,2011_12_19_NDVI,"{""type"":""MultiPoint"",""coordinates"":[]}"
321,2011_12_27_NDVI,"{""type"":""MultiPoint"",""coordinates"":[]}"
322,2012_01_01_NDVI,"{""type"":""MultiPoint"",""coordinates"":[]}"
323,2012_01_09_NDVI,"{""type"":""MultiPoint"",""coordinates"":[]}"
324,2012_01_17_NDVI,"{""type"":""MultiPoint"",""coordinates"":[]}"
325,2012_01_25_NDVI,"{""type"":""MultiPoint"",""coordinates"":[]}"
326,2012_02_02_NDVI,"{""type"":""MultiPoint"",""coordinates"":[]}"
327,2012_02_10_NDVI,"{""type"":""MultiPoint"",""coordinates"":[]}"
328,2012_02_18_NDVI,"{""type"":""MultiPoint"",""coordinates"":[]}"
329,2012_02_26_NDVI,"{""type"":""MultiPoint"",""coordinates"":[]}"
330,2012_03_05_NDVI,"{""type"":""MultiPoint"",""coordinates"":[]}"
331,2012_03_13_NDVI,"{""type"":""MultiPoint"",""coordinates"":[]}"
332,2012_03_21_NDVI,"{""type"":""MultiPoint"",""coordinates"":[]}"
333,2012_03_29_NDVI,"{""type"":""MultiPoint"",""coordinates"":[]}"
334,2012_04_06_NDVI,"{""type"":""MultiPoint"",""coordinates"":[]}"
335,2012_04_14_NDVI,"{""type"":""MultiPoint"",""coordinates"":[]}"
336,2012_04_22_NDVI,"{""type"":""MultiPoint"",""coordinates"":[]}"
337,2012_04_30_NDVI,"{""type"":""MultiPoint"",""coordinates"":[]}"
338,2012_05_08_NDVI,"{""type"":""MultiPoint"",""coordinates"":[]}"
339,2012_05_16_NDVI,"{""type"":""MultiPoint"",""coordinates"":[]}"
340,2012_05_24_NDVI,"{""type"":""MultiPoint"",""coordinates"":[]}"
341,2012_06_01_NDVI,"{""type"":""MultiPoint"",""coordinates"":[]}"
342,2012_06_09_NDVI,"{""type"":""MultiPoint"",""coordinates"":[]}"
343,2012_06_17_NDVI,"{""type"":""MultiPoint"",""coordinates"":[]}"
344,2012_06_25_NDVI,"{""type"":""MultiPoint"",""coordinates"":[]}"
345,2012_07_03_NDVI,"{""type"":""MultiPoint"",""coordinates"":[]}"
346,2012_07_11_NDVI,"{""type"":""MultiPoint"",""coordinates"":[]}"
347,2012_07_19_NDVI,"{""type"":""MultiPoint"",""coordinates"":[]}"
348,2012_07_27_NDVI,"{""type"":""MultiPoint"",""coordinates"":[]}"
349,2012_08_04_NDVI,"{""type"":""MultiPoint"",""coordinates"":[]}"
350,2012_08_12_NDVI,"{""type"":""MultiPoint"",""coordinates"":[]}"
351,2012_08_20_NDVI,"{""type"":""MultiPoint"",""coordinates"":[]}"
352,2012_08_28_NDVI,"{""type"":""MultiPoint"",""coordinates"":[]}"
353,2012_09_05_NDVI,"{""type"":""MultiPoint"",""coordinates"":[]}"
354,2012_09_13_NDVI,"{""type"":""MultiPoint"",""coordinates"":[]}"
355,2012_09_21_NDVI,"{""type"":""MultiPoint"",""coordinates"":[]}"
356,2012_09_29_NDVI,"{""type"":""MultiPoint"",""coordinates"":[]}"
357,2012_10_07_NDVI,"{""type"":""MultiPoint"",""coordinates"":[]}"
358,2012_10_15_NDVI,"{""type"":""MultiPoint"",""coordinates"":[]}"
359,2012_10_23_NDVI,"{""type"":""MultiPoint"",""coordinates"":[]}"
360,2012_10_31_NDVI,"{""type"":""MultiPoint"",""coordinates"":[]}"
361,2012_11_08_NDVI,"{""type"":""MultiPoint"",""coordinates"":[]}"
362,2012_11_16_NDVI,"{""type"":""MultiPoint"",""coordinates"":[]}"
363,2012_11_24_NDVI,"{""type"":""MultiPoint"",""coordinates"":[]}"
364,2012_12_02_NDVI,"{""type"":""MultiPoint"",""coordinates"":[]}"
365,2012_12_10_NDVI,"{""type"":""MultiPoint"",""coordinates"":[]}"
366,2012_12_18_NDVI,"{""type"":""MultiPoint"",""coordinates"":[]}"
367,2012_12_26_NDVI,"{""type"":""MultiPoint"",""coordinates"":[]}"
368,2013_01_01_NDVI,"{""type"":""MultiPoint"",""coordinates"":[]}"
369,2013_01_09_NDVI,"{""type"":""MultiPoint"",""coordinates"":[]}"
370,2013_01_17_NDVI,"{""type"":""MultiPoint"",""coordinates"":[]}"
371,2013_01_25_NDVI,"{""type"":""MultiPoint"",""coordinates"":[]}"
372,2013_02_02_NDVI,"{""type"":""MultiPoint"",""coordinates"":[]}"
373,2013_02_10_NDVI,"{""type"":""MultiPoint"",""coordinates"":[]}"
374,2013_02_18_NDVI,"{""type"":""MultiPoint"",""coordinates"":[]}"
375,2013_02_26_NDVI,"{""type"":""MultiPoint"",""coordinates"":[]}"
376,2013_03_06_NDVI,"{""type"":""MultiPoint"",""coordinates"":[]}"
377,2013_03_14_NDVI,"{""type"":""MultiPoint"",""coordinates"":[]}"
378,2013_03_22_NDVI,"{""type"":""MultiPoint"",""coordinates"":[]}"
379,2013_03_30_NDVI,"{""type"":""MultiPoint"",""coordinates"":[]}"
380,2013_04_07_NDVI,"{""type"":""MultiPoint"",""coordinates"":[]}"
381,2013_04_15_NDVI,"{""type"":""MultiPoint"",""coordinates"":[]}"
382,2013_04_23_NDVI,"{""type"":""MultiPoint"",""coordinates"":[]}"
383,2013_05_01_NDVI,"{""type"":""MultiPoint"",""coordinates"":[]}"
384,2013_05_09_NDVI,"{""type"":""MultiPoint"",""coordinates"":[]}"
385,2013_05_17_NDVI,"{""type"":""MultiPoint"",""coordinates"":[]}"
386,2013_05_25_NDVI,"{""type"":""MultiPoint"",""coordinates"":[]}"
387,2013_06_02_NDVI,"{""type"":""MultiPoint"",""coordinates"":[]}"
388,2013_06_10_NDVI,"{""type"":""MultiPoint"",""coordinates"":[]}"
389,2013_06_18_NDVI,"{""type"":""MultiPoint"",""coordinates"":[]}"
390,2013_06_26_NDVI,"{""type"":""MultiPoint"",""coordinates"":[]}"
391,2013_07_04_NDVI,"{""type"":""MultiPoint"",""coordinates"":[]}"
392,2013_07_12_NDVI,"{""type"":""MultiPoint"",""coordinates"":[]}"
393,2013_07_20_NDVI,"{""type"":""MultiPoint"",""coordinates"":[]}"
394,2013_07_28_NDVI,"{""type"":""MultiPoint"",""coordinates"":[]}"
395,2013_08_05_NDVI,"{""type"":""MultiPoint"",""coordinates"":[]}"
396,2013_08_13_NDVI,"{""type"":""MultiPoint"",""coordinates"":[]}"
397,2013_08_21_NDVI,"{""type"":""MultiPoint"",""coordinates"":[]}"
398,2013_08_29_NDVI,"{""type"":""MultiPoint"",""coordinates"":[]}"
399,2013_09_06_NDVI,"{""type"":""MultiPoint"",""coordinates"":[]}"
400,2013_09_14_NDVI,"{""type"":""MultiPoint"",""coordinates"":[]}"
401,2013_09_22_NDVI,"{""type"":""MultiPoint"",""coordinates"":[]}"
402,2013_09_30_NDVI,"{""type"":""MultiPoint"",""coordinates"":[]}"
403,2013_10_08_NDVI,"{""type"":""MultiPoint"",""coordinates"":[]}"
404,2013_10_16_NDVI,"{""type"":""MultiPoint"",""coordinates"":[]}"
405,2013_10_24_NDVI,"{""type"":""MultiPoint"",""coordinates"":[]}"
406,2013_11_01_NDVI,"{""type"":""MultiPoint"",""coordinates"":[]}"
407,2013_11_09_NDVI,"{""type"":""MultiPoint"",""coordinates"":[]}"
408,2013_11_17_NDVI,"{""type"":""MultiPoint"",""coordinates"":[]}"
409,2013_11_25_NDVI,"{""type"":""MultiPoint"",""coordinates"":[]}"
410,2013_12_03_NDVI,"{""type"":""MultiPoint"",""coordinates"":[]}"
411,2013_12_11_NDVI,"{""type"":""MultiPoint"",""coordinates"":[]}"
412,2013_12_19_NDVI,"{""type"":""MultiPoint"",""coordinates"":[]}"
413,2013_12_27_NDVI,"{""type"":""MultiPoint"",""coordinates"":[]}"
414,2014_01_01_NDVI,"{""type"":""MultiPoint"",""coordinates"":[]}"
415,2014_01_09_NDVI,"{""type"":""MultiPoint"",""coordinates"":[]}"
416,2014_01_17_NDVI,"{""type"":""MultiPoint"",""coordinates"":[]}"
417,2014_01_25_NDVI,"{""type"":""MultiPoint"",""coordinates"":[]}"
418,2014_02_02_NDVI,"{""type"":""MultiPoint"",""coordinates"":[]}"
419,2014_02_10_NDVI,"{""type"":""MultiPoint"",""coordinates"":[]}"
420,2014_02_18_NDVI,"{""type"":""MultiPoint"",""coordinates"":[]}"
421,2014_02_26_NDVI,"{""type"":""MultiPoint"",""coordinates"":[]}"
422,2014_03_06_NDVI,"{""type"":""MultiPoint"",""coordinates"":[]}"
423,2014_03_14_NDVI,"{""type"":""MultiPoint"",""coordinates"":[]}"
424,2014_03_22_NDVI,"{""type"":""MultiPoint"",""coordinates"":[]}"
425,2014_03_30_NDVI,"{""type"":""MultiPoint"",""coordinates"":[]}"
426,2014_04_07_NDVI,"{""type"":""MultiPoint"",""coordinates"":[]}"
427,2014_04_15_NDVI,"{""type"":""MultiPoint"",""coordinates"":[]}"
428,2014_04_23_NDVI,"{""type"":""MultiPoint"",""coordinates"":[]}"
429,2014_05_01_NDVI,"{""type"":""MultiPoint"",""coordinates"":[]}"
430,2014_05_09_NDVI,"{""type"":""MultiPoint"",""coordinates"":[]}"
431,2014_05_17_NDVI,"{""type"":""MultiPoint"",""coordinates"":[]}"
432,2014_05_25_NDVI,"{""type"":""MultiPoint"",""coordinates"":[]}"
433,2014_06_02_NDVI,"{""type"":""MultiPoint"",""coordinates"":[]}"
434,2014_06_10_NDVI,"{""type"":""MultiPoint"",""coordinates"":[]}"
435,2014_06_18_NDVI,"{""type"":""MultiPoint"",""coordinates"":[]}"
436,2014_06_26_NDVI,"{""type"":""MultiPoint"",""coordinates"":[]}"
437,2014_07_04_NDVI,"{""type"":""MultiPoint"",""coordinates"":[]}"
438,2014_07_12_NDVI,"{""type"":""MultiPoint"",""coordinates"":[]}"
439,2014_07_20_NDVI,"{""type"":""MultiPoint"",""coordinates"":[]}"
440,2014_07_28_NDVI,"{""type"":""MultiPoint"",""coordinates"":[]}"
441,2014_08_05_NDVI,"{""type"":""MultiPoint"",""coordinates"":[]}"
442,2014_08_13_NDVI,"{""type"":""MultiPoint"",""coordinates"":[]}"
443,2014_08_21_NDVI,"{""type"":""MultiPoint"",""coordinates"":[]}"
444,2014_08_29_NDVI,"{""type"":""MultiPoint"",""coordinates"":[]}"
445,2014_09_06_NDVI,"{""type"":""MultiPoint"",""coordinates"":[]}"
446,2014_09_14_NDVI,"{""type"":""MultiPoint"",""coordinates"":[]}"
447,2014_09_22_NDVI,"{""type"":""MultiPoint"",""coordinates"":[]}"
448,2014_09_30_NDVI,"{""type"":""MultiPoint"",""coordinates"":[]}"
449,2014_10_08_NDVI,"{""type"":""MultiPoint"",""coordinates"":[]}"
450,2014_10_16_NDVI,"{""type"":""MultiPoint"",""coordinates"":[]}"
451,2014_10_24_NDVI,"{""type"":""MultiPoint"",""coordinates"":[]}"
452,2014_11_01_NDVI,"{""type"":""MultiPoint"",""coordinates"":[]}"
453,2014_11_09_NDVI,"{""type"":""MultiPoint"",""coordinates"":[]}"
454,2014_11_17_NDVI,"{""type"":""MultiPoint"",""coordinates"":[]}"
455,2014_11_25_NDVI,"{""type"":""MultiPoint"",""coordinates"":[]}"
456,2014_12_03_NDVI,"{""type"":""MultiPoint"",""coordinates"":[]}"
457,2014_12_11_NDVI,"{""type"":""MultiPoint"",""coordinates"":[]}"
458,2014_12_19_NDVI,"{""type"":""MultiPoint"",""coordinates"":[]}"
459,2014_12_27_NDVI,"{""type"":""MultiPoint"",""coordinates"":[]}"
460,2015_01_01_NDVI,"{""type"":""MultiPoint"",""coordinates"":[]}"
461,2015_01_09_NDVI,"{""type"":""MultiPoint"",""coordinates"":[]}"
462,2015_01_17_NDVI,"{""type"":""MultiPoint"",""coordinates"":[]}"
463,2015_01_25_NDVI,"{""type"":""MultiPoint"",""coordinates"":[]}"
464,2015_02_02_NDVI,"{""type"":""MultiPoint"",""coordinates"":[]}"
465,2015_02_10_NDVI,"{""type"":""MultiPoint"",""coordinates"":[]}"
466,2015_02_18_NDVI,"{""type"":""MultiPoint"",""coordinates"":[]}"
467,2015_02_26_NDVI,"{""type"":""MultiPoint"",""coordinates"":[]}"
468,2015_03_06_NDVI,"{""type"":""MultiPoint"",""coordinates"":[]}"
469,2015_03_14_NDVI,"{""type"":""MultiPoint"",""coordinates"":[]}"
470,2015_03_22_NDVI,"{""type"":""MultiPoint"",""coordinates"":[]}"
471,2015_03_30_NDVI,"{""type"":""MultiPoint"",""coordinates"":[]}"
472,2015_04_07_NDVI,"{""type"":""MultiPoint"",""coordinates"":[]}"
473,2015_04_15_NDVI,"{""type"":""MultiPoint"",""coordinates"":[]}"
474,2015_04_23_NDVI,"{""type"":""MultiPoint"",""coordinates"":[]}"
475,2015_05_01_NDVI,"{""type"":""MultiPoint"",""coordinates"":[]}"
476,2015_05_09_NDVI,"{""type"":""MultiPoint"",""coordinates"":[]}"
477,2015_05_17_NDVI,"{""type"":""MultiPoint"",""coordinates"":[]}"
478,2015_05_25_NDVI,"{""type"":""MultiPoint"",""coordinates"":[]}"
479,2015_06_02_NDVI,"{""type"":""MultiPoint"",""coordinates"":[]}"
480,2015_06_10_NDVI,"{""type"":""MultiPoint"",""coordinates"":[]}"
481,2015_06_18_NDVI,"{""type"":""MultiPoint"",""coordinates"":[]}"
482,2015_06_26_NDVI,"{""type"":""MultiPoint"",""coordinates"":[]}"
483,2015_07_04_NDVI,"{""type"":""MultiPoint"",""coordinates"":[]}"
484,2015_07_12_NDVI,"{""type"":""MultiPoint"",""coordinates"":[]}"
485,2015_07_20_NDVI,"{""type"":""MultiPoint"",""coordinates"":[]}"
486,2015_07_28_NDVI,"{""type"":""MultiPoint"",""coordinates"":[]}"
487,2015_08_05_NDVI,"{""type"":""MultiPoint"",""coordinates"":[]}"
488,2015_08_13_NDVI,"{""type"":""MultiPoint"",""coordinates"":[]}"
489,2015_08_21_NDVI,"{""type"":""MultiPoint"",""coordinates"":[]}"
490,2015_08_29_NDVI,"{""type"":""MultiPoint"",""coordinates"":[]}"
491,2015_09_06_NDVI,"{""type"":""MultiPoint"",""coordinates"":[]}"
492,2015_09_14_NDVI,"{""type"":""MultiPoint"",""coordinates"":[]}"
493,2015_09_22_NDVI,"{""type"":""MultiPoint"",""coordinates"":[]}"
494,2015_09_30_NDVI,"{""type"":""MultiPoint"",""coordinates"":[]}"
495,2015_10_08_NDVI,"{""type"":""MultiPoint"",""coordinates"":[]}"
496,2015_10_16_NDVI,"{""type"":""MultiPoint"",""coordinates"":[]}"
497,2015_10_24_NDVI,"{""type"":""MultiPoint"",""coordinates"":[]}"
498,2015_11_01_NDVI,"{""type"":""MultiPoint"",""coordinates"":[]}"
499,2015_11_09_NDVI,"{""type"":""MultiPoint"",""coordinates"":[]}"
500,2015_11_17_NDVI,"{""type"":""MultiPoint"",""coordinates"":[]}"
501,2015_11_25_NDVI,"{""type"":""MultiPoint"",""coordinates"":[]}"
502,2015_12_03_NDVI,"{""type"":""MultiPoint"",""coordinates"":[]}"
503,2015_12_11_NDVI,"{""type"":""MultiPoint"",""coordinates"":[]}"
504,2015_12_19_NDVI,"{""type"":""MultiPoint"",""coordinates"":[]}"
505,2015_12_27_NDVI,"{""type"":""MultiPoint"",""coordinates"":[]}"
